Dataset,true_labels,pred_probs
Dataset1---Training,0,0.012750628
Dataset1---Training,0,0.01
Dataset1---Training,0,0.01
Dataset1---Training,0,0.01
Dataset1---Training,0,0.025627766
Dataset1---Training,0,0.0249744
Dataset1---Training,0,0.015980847
Dataset1---Training,0,0.006246156
Dataset1---Training,0,0.01
Dataset1---Training,1,0.99
Dataset1---Training,1,0.935463971
Dataset1---Training,0,0.01
Dataset1---Training,0,0.01
Dataset1---Training,0,0.01
Dataset1---Training,1,0.864675851
Dataset1---Training,0,0.01
Dataset1---Training,0,0.0001
Dataset1---Training,0,0.01
Dataset1---Training,0,0.01
Dataset1---Training,0,0.01
Dataset1---Training,0,0.01
Dataset1---Training,0,0.01
Dataset1---Training,0,0.01
Dataset1---Training,0,0.01
Dataset1---Training,0,0.01
Dataset1---Training,0,0.021571723
Dataset1---Training,0,0.013765802
Dataset1---Training,0,0.011807125
Dataset1---Training,0,0.011650354
Dataset1---Training,0,0.01
Dataset1---Training,0,0.01
Dataset1---Training,0,0.040664903
Dataset1---Training,0,0.00315737
Dataset1---Training,0,0.016458445
Dataset1---Training,0,0.024179427
Dataset1---Training,0,0.010572366
Dataset1---Training,0,0.004256346
Dataset1---Training,0,0.043139214
Dataset1---Training,0,0.020598115
Dataset1---Training,0,0.017538283
Dataset1---Training,0,0.046853458
Dataset1---Training,1,0.929064819
Dataset1---Training,0,0.034947448
Dataset1---Training,0,0.01048587
Dataset1---Training,0,0.043900388
Dataset1---Training,0,0.014282819
Dataset1---Training,0,0.057323501
Dataset1---Training,0,0.028179745
Dataset1---Training,0,0.024900144
Dataset1---Training,1,0.888642473
Dataset1---Training,0,0.01995835
Dataset1---Training,0,0.01982976
Dataset1---Training,0,0.014326299
Dataset1---Training,0,0.023449784
Dataset1---Training,0,0.016351024
Dataset1---Training,0,0.01
Dataset1---Training,0,0.01
Dataset1---Training,0,0.01
Dataset1---Training,0,0.01
Dataset1---Training,0,0.01
Dataset1---Training,0,0.01
Dataset1---Training,0,0.01
Dataset1---Training,0,0.01
Dataset1---Training,1,0.796225811
Dataset1---Training,1,0.742509454
Dataset1---Training,0,0.013974062
Dataset1---Training,1,0.98598814
Dataset1---Training,1,0.848611803
Dataset1---Training,0,0.0001
Dataset1---Training,1,0.9999
Dataset1---Training,0,0.019150612
Dataset1---Training,0,0.00676813
Dataset1---Training,0,0.005242073
Dataset1---Training,1,0.9999
Dataset1---Training,0,0.009797902
Dataset1---Training,0,0.010542745
Dataset1---Training,1,0.650263772
Dataset1---Training,1,0.74093066
Dataset1---Training,1,0.9999
Dataset1---Training,0,0.008371575
Dataset1---Training,0,0.028692366
Dataset1---Training,0,0.014288736
Dataset1---Training,1,0.917968819
Dataset1---Training,1,0.940137983
Dataset1---Training,1,0.9999
Dataset1---Training,0,0.009800446
Dataset1---Training,0,0.021299441
Dataset1---Training,0,0.004691563
Dataset1---Training,1,0.9999
Dataset1---Training,0,0.017438821
Dataset1---Training,1,0.9999
Dataset1---Training,1,0.9999
Dataset1---Training,1,0.9999
Dataset1---Training,0,0.015563426
Dataset1---Training,0,0.020420626
Dataset1---Training,1,0.9999
Dataset1---Training,0,0.039884533
Dataset1---Training,0,0.016766773
Dataset1---Training,0,0.014833382
Dataset1---Training,1,0.9999
Dataset1---Training,1,0.9999
Dataset1---Training,1,0.9999
Dataset1---Training,1,0.978049953
Dataset1---Training,1,0.54073367
Dataset1---Training,0,0.013613104
Dataset1---Training,0,0.02209454
Dataset1---Training,1,0.842387602
Dataset1---Training,0,0.0001
Dataset1---Training,1,0.9999
Dataset1---Training,1,0.9999
Dataset1---Training,0,0.022945246
Dataset1---Training,0,0.008971766
Dataset2---Internal Testing,1,0.703918578
Dataset2---Internal Testing,1,0.9999
Dataset2---Internal Testing,1,0.9999
Dataset2---Internal Testing,1,0.9999
Dataset2---Internal Testing,1,0.9999
Dataset2---Internal Testing,1,0.9999
Dataset2---Internal Testing,1,0.9999
Dataset2---Internal Testing,1,0.287120686
Dataset2---Internal Testing,0,0.095315314
Dataset2---Internal Testing,1,0.14919812
Dataset2---Internal Testing,0,0.071361224
Dataset2---Internal Testing,0,0.048135668
Dataset2---Internal Testing,0,0.106299581
Dataset2---Internal Testing,0,0.254566443
Dataset2---Internal Testing,0,0.19413637
Dataset2---Internal Testing,0,0.186205023
Dataset2---Internal Testing,0,0.158347769
Dataset2---Internal Testing,0,0.09020145
Dataset2---Internal Testing,0,0.0978994
Dataset2---Internal Testing,0,0.205317135
Dataset2---Internal Testing,0,0.555761308
Dataset2---Internal Testing,0,0.481987395
Dataset2---Internal Testing,0,0.265302265
Dataset2---Internal Testing,0,0.216770258
Dataset2---Internal Testing,0,0.650236481
Dataset2---Internal Testing,0,0.314357113
Dataset2---Internal Testing,0,0.204909984
Dataset2---Internal Testing,1,0.9999
Dataset2---Internal Testing,1,0.922887609
Dataset2---Internal Testing,1,0.783016687
Dataset2---Internal Testing,1,0.724115261
Dataset2---Internal Testing,0,0.199439077
Dataset2---Internal Testing,0,0.104915686
Dataset2---Internal Testing,0,0.066237014
Dataset2---Internal Testing,0,0.092582366
Dataset2---Internal Testing,0,0.055403151
Dataset2---Internal Testing,0,0.064254564
Dataset2---Internal Testing,0,0.121506435
Dataset2---Internal Testing,0,0.059138426
Dataset2---Internal Testing,0,0.034223562
Dataset2---Internal Testing,0,0.065828864
Dataset2---Internal Testing,1,0.219497883
Dataset2---Internal Testing,0,0.165507821
Dataset2---Internal Testing,1,0.9999
Dataset2---Internal Testing,1,0.728056711
Dataset2---Internal Testing,0,0.135663843
Dataset2---Internal Testing,1,0.765442085
Dataset2---Internal Testing,0,0.207079347
Dataset2---Internal Testing,0,0.25805429
Dataset2---Internal Testing,0,0.138351345
Dataset2---Internal Testing,1,0.9999
Dataset2---Internal Testing,0,0.105217778
Dataset2---Internal Testing,0,0.09416652
Dataset2---Internal Testing,0,0.049596443
Dataset2---Internal Testing,0,0.29112748
Dataset2---Internal Testing,0,0.21389027
Dataset2---Internal Testing,0,0.210001507
Dataset2---Internal Testing,0,0.126537273
Dataset2---Internal Testing,1,0.963110046
Dataset2---Internal Testing,0,0.127946708
Dataset2---Internal Testing,0,0.308987255
Dataset2---Internal Testing,0,0.211822727
Dataset2---Internal Testing,0,0.156913963
Dataset2---Internal Testing,1,0.9999
Dataset2---Internal Testing,1,0.9999
Dataset2---Internal Testing,1,0.801168003
Dataset2---Internal Testing,1,0.753380337
Dataset2---Internal Testing,0,0.045880338
Dataset2---Internal Testing,0,0.034508444
Dataset2---Internal Testing,0,0.064365773
Dataset2---Internal Testing,0,0.04321105
Dataset2---Internal Testing,1,0.9999
Dataset2---Internal Testing,1,0.9999
Dataset2---Internal Testing,0,0.569249837
Dataset2---Internal Testing,0,0.877639997
Dataset2---Internal Testing,1,0.981189933
Dataset2---Internal Testing,1,0.799810134
Dataset2---Internal Testing,0,0.312526555
Dataset2---Internal Testing,1,0.9999
Dataset2---Internal Testing,0,0.166474691
Dataset2---Internal Testing,0,0.157759485
Dataset2---Internal Testing,0,0.094758186
Dataset2---Internal Testing,0,0.279385667
Dataset2---Internal Testing,0,0.207530253
Dataset2---Internal Testing,0,0.176332196
Dataset2---Internal Testing,0,0.123374294
Dataset2---Internal Testing,0,0.101609329
Dataset2---Internal Testing,0,0.085723161
Dataset2---Internal Testing,1,0.905175433
Dataset2---Internal Testing,1,0.885025354
Dataset2---Internal Testing,0,0.094681942
Dataset2---Internal Testing,0,0.081171637
Dataset2---Internal Testing,0,0.062925982
Dataset2---Internal Testing,0,0.505140936
Dataset2---Internal Testing,0,0.236625086
Dataset2---Internal Testing,0,0.03761904
Dataset2---Internal Testing,0,0.129307443
Dataset2---Internal Testing,0,0.11018009
Dataset2---Internal Testing,0,0.062711925
Dataset2---Internal Testing,0,0.044574442
Dataset2---Internal Testing,0,0.075141905
Dataset2---Internal Testing,0,0.034545036
Dataset2---Internal Testing,1,0.815079015
Dataset2---Internal Testing,1,0.729660786
Dataset2---Internal Testing,0,0.239514296
Dataset2---Internal Testing,0,0.165098221
Dataset2---Internal Testing,0,0.074403994
Dataset2---Internal Testing,0,0.082106074
Dataset2---Internal Testing,0,0.104553069
Dataset2---Internal Testing,0,0.102929834
Dataset2---Internal Testing,0,0.038521404
Dataset2---Internal Testing,0,0.056689706
Dataset2---Internal Testing,0,0.047877309
Dataset2---Internal Testing,1,0.167333876
Dataset2---Internal Testing,0,0.056321386
Dataset2---Internal Testing,0,0.081764871
Dataset2---Internal Testing,0,0.181763691
Dataset2---Internal Testing,0,0.071085452
Dataset2---Internal Testing,1,0.9999
Dataset2---Internal Testing,1,0.9999
Dataset2---Internal Testing,1,0.910689605
Dataset2---Internal Testing,0,0.087091306
Dataset2---Internal Testing,0,0.038803212
Dataset2---Internal Testing,0,0.085564006
Dataset2---Internal Testing,0,0.04726784
Dataset2---Internal Testing,0,0.067480869
Dataset2---Internal Testing,0,0.079339605
Dataset2---Internal Testing,0,0.078376271
Dataset2---Internal Testing,0,0.068528078
Dataset2---Internal Testing,1,0.9999
Dataset2---Internal Testing,1,0.930691207
Dataset2---Internal Testing,1,0.808747894
Dataset2---Internal Testing,1,0.9999
Dataset2---Internal Testing,1,0.9999
Dataset2---Internal Testing,1,0.812178209
Dataset2---Internal Testing,1,0.825338024
Dataset2---Internal Testing,1,0.9999
Dataset2---Internal Testing,1,0.833500969
Dataset2---Internal Testing,1,0.839291174
Dataset2---Internal Testing,1,0.735737027
Dataset2---Internal Testing,0,0.031042012
Dataset2---Internal Testing,0,0.151237613
Dataset2---Internal Testing,0,0.130585403
Dataset2---Internal Testing,0,0.038314415
Dataset2---Internal Testing,0,0.114439857
Dataset2---Internal Testing,0,0.102994974
Dataset2---Internal Testing,0,0.038335261
Dataset2---Internal Testing,0,0.095837393
Dataset2---Internal Testing,0,0.045804747
Dataset2---Internal Testing,0,0.293778288
Dataset2---Internal Testing,0,0.264724621
Dataset2---Internal Testing,0,0.159476459
Dataset2---Internal Testing,0,0.143048646
Dataset2---Internal Testing,0,0.092880953
Dataset2---Internal Testing,0,0.155205936
Dataset2---Internal Testing,0,0.104147553
Dataset2---Internal Testing,0,0.639988912
Dataset2---Internal Testing,0,0.552491129
Dataset2---Internal Testing,0,0.522321877
Dataset2---Internal Testing,0,0.178157578
Dataset2---Internal Testing,1,0.9999
Dataset2---Internal Testing,1,0.9999
Dataset2---Internal Testing,1,0.725185459
Dataset2---Internal Testing,0,0.684684489
Dataset2---Internal Testing,0,0.052142725
Dataset2---Internal Testing,0,0.02886449
Dataset2---Internal Testing,0,0.025105976
Dataset2---Internal Testing,0,0.255080988
Dataset2---Internal Testing,0,0.24728229
Dataset2---Internal Testing,0,0.22295483
Dataset2---Internal Testing,0,0.157816101
Dataset2---Internal Testing,0,0.13116272
Dataset2---Internal Testing,0,0.099831174
Dataset2---Internal Testing,0,0.094775663
Dataset2---Internal Testing,0,0.062030372
Dataset2---Internal Testing,0,0.70360593
Dataset2---Internal Testing,0,0.626756974
Dataset2---Internal Testing,0,0.618646004
Dataset2---Internal Testing,0,0.15464694
Dataset2---Internal Testing,1,0.9999
Dataset2---Internal Testing,1,0.94022656
Dataset2---Internal Testing,1,0.744461868
Dataset2---Internal Testing,0,0.132738151
Dataset2---Internal Testing,0,0.131056499
Dataset2---Internal Testing,0,0.109372151
Dataset2---Internal Testing,0,0.089358548
Dataset2---Internal Testing,0,0.568415595
Dataset2---Internal Testing,0,0.210063659
Dataset2---Internal Testing,0,0.18763867
Dataset2---Internal Testing,0,0.10895071
Dataset2---Internal Testing,0,0.107828631
Dataset2---Internal Testing,0,0.090088669
Dataset2---Internal Testing,1,0.933829101
Dataset2---Internal Testing,0,0.079534044
Dataset2---Internal Testing,0,0.498612529
Dataset2---Internal Testing,0,0.318200172
Dataset2---Internal Testing,0,0.299758663
Dataset2---Internal Testing,0,0.27312837
Dataset2---Internal Testing,0,0.30594669
Dataset2---Internal Testing,0,0.084619042
Dataset2---Internal Testing,0,0.130862637
Dataset2---Internal Testing,0,0.11084
Dataset2---Internal Testing,0,0.101421406
Dataset2---Internal Testing,0,0.099150476
Dataset2---Internal Testing,0,0.220899803
Dataset2---Internal Testing,0,0.204725737
Dataset2---Internal Testing,0,0.171072627
Dataset2---Internal Testing,0,0.170116606
Dataset2---Internal Testing,0,0.044182369
Dataset2---Internal Testing,1,0.9999
Dataset2---Internal Testing,0,0.161161959
Dataset2---Internal Testing,0,0.144198348
Dataset2---Internal Testing,0,0.174435165
Dataset2---Internal Testing,0,0.167332615
Dataset2---Internal Testing,0,0.141931566
Dataset2---Internal Testing,0,0.125058818
Dataset2---Internal Testing,1,0.872636543
Dataset2---Internal Testing,0,0.291451519
Dataset2---Internal Testing,0,0.281931898
Dataset2---Internal Testing,0,0.267182385
Dataset2---Internal Testing,0,0.10965023
Dataset2---Internal Testing,0,0.093855448
Dataset2---Internal Testing,0,0.0448377
Dataset2---Internal Testing,0,0.040285907
Dataset2---Internal Testing,0,0.114688046
Dataset2---Internal Testing,0,0.123289024
Dataset2---Internal Testing,0,0.049205492
Dataset2---Internal Testing,0,0.194457782
Dataset2---Internal Testing,0,0.206305363
Dataset2---Internal Testing,0,0.134485201
Dataset2---Internal Testing,0,0.56696943
Dataset2---Internal Testing,0,0.285182248
Dataset2---Internal Testing,0,0.180078674
Dataset2---Internal Testing,0,0.183454486
Dataset2---Internal Testing,0,0.133885917
Dataset2---Internal Testing,0,0.089511647
Dataset2---Internal Testing,0,0.520145507
Dataset2---Internal Testing,1,0.728961138
Dataset2---Internal Testing,1,0.657532412
Dataset2---Internal Testing,1,0.57441053
Dataset2---Internal Testing,1,0.87747957
Dataset2---Internal Testing,1,0.821369663
Dataset2---Internal Testing,1,0.774148333
Dataset2---Internal Testing,1,0.770977028
Dataset2---Internal Testing,1,0.045849343
Dataset2---Internal Testing,1,0.641215265
Dataset2---Internal Testing,1,0.99
Dataset2---Internal Testing,1,0.935083295
Dataset2---Internal Testing,1,0.903303484
Dataset2---Internal Testing,1,0.804518058
Dataset2---Internal Testing,1,0.860556746
Dataset2---Internal Testing,1,0.783402082
Dataset2---Internal Testing,1,0.715545022
Dataset2---Internal Testing,1,0.633655853
Dataset2---Internal Testing,1,0.783640107
Dataset2---Internal Testing,1,0.704548949
Dataset2---Internal Testing,1,0.688110426
Dataset2---Internal Testing,1,0.683988751
Dataset2---Internal Testing,1,0.976209797
Dataset2---Internal Testing,1,0.9260279
Dataset2---Internal Testing,1,0.675581637
Dataset2---Internal Testing,1,0.654394315
Dataset2---Internal Testing,1,0.936748486
Dataset2---Internal Testing,1,0.904458623
Dataset2---Internal Testing,1,0.714519201
Dataset2---Internal Testing,1,0.081266149
Dataset2---Internal Testing,1,0.874084961
Dataset2---Internal Testing,1,0.859946591
Dataset2---Internal Testing,1,0.666976965
Dataset2---Internal Testing,1,0.99
Dataset2---Internal Testing,1,0.868367712
Dataset2---Internal Testing,1,0.741044293
Dataset2---Internal Testing,1,0.740958671
Dataset2---Internal Testing,1,0.976092322
Dataset2---Internal Testing,1,0.824827224
Dataset2---Internal Testing,1,0.922226158
Dataset2---Internal Testing,1,0.822473261
Dataset2---Internal Testing,1,0.775521309
Dataset2---Internal Testing,1,0.163076796
Dataset2---Internal Testing,1,0.707848663
Dataset2---Internal Testing,1,0.705869913
Dataset2---Internal Testing,1,0.682086827
Dataset2---Internal Testing,1,0.936071365
Dataset2---Internal Testing,1,0.848724328
Dataset2---Internal Testing,1,0.733739857
Dataset2---Internal Testing,1,0.681289638
Dataset2---Internal Testing,0,0.022275591
Dataset2---Internal Testing,0,0.01
Dataset2---Internal Testing,0,0.048388575
Dataset2---Internal Testing,0,0.01
Dataset2---Internal Testing,0,0.611823956
Dataset2---Internal Testing,0,0.106088546
Dataset2---Internal Testing,0,0.01
Dataset2---Internal Testing,0,0.01
Dataset2---Internal Testing,1,0.948305852
Dataset2---Internal Testing,1,0.789697472
Dataset2---Internal Testing,1,0.647833367
Dataset2---Internal Testing,1,0.092328111
Dataset2---Internal Testing,0,0.01
Dataset2---Internal Testing,0,0.01
Dataset2---Internal Testing,0,0.01
Dataset2---Internal Testing,0,0.01
Dataset2---Internal Testing,0,0.021629733
Dataset2---Internal Testing,0,0.01
Dataset2---Internal Testing,1,0.827100297
Dataset2---Internal Testing,1,0.732647335
Dataset2---Internal Testing,1,0.661950638
Dataset2---Internal Testing,1,0.632696281
Dataset2---Internal Testing,0,0.601077765
Dataset2---Internal Testing,0,0.06504232
Dataset2---Internal Testing,0,0.01
Dataset2---Internal Testing,0,0.01
Dataset2---Internal Testing,0,0.01
Dataset2---Internal Testing,0,0.097498954
Dataset2---Internal Testing,0,0.01
Dataset2---Internal Testing,0,0.01
Dataset2---Internal Testing,0,0.01
Dataset2---Internal Testing,0,0.01
Dataset2---Internal Testing,0,0.159674475
Dataset2---Internal Testing,0,0.140566161
Dataset2---Internal Testing,0,0.103509583
Dataset2---Internal Testing,0,0.01
Dataset2---Internal Testing,0,0.602495617
Dataset2---Internal Testing,0,0.057889143
Dataset2---Internal Testing,0,0.052679982
Dataset2---Internal Testing,0,0.073261855
Dataset2---Internal Testing,0,0.01
Dataset2---Internal Testing,0,0.158700489
Dataset2---Internal Testing,0,0.069097261
Dataset2---Internal Testing,0,0.092667513
Dataset2---Internal Testing,0,0.024805647
Dataset2---Internal Testing,0,0.063118559
Dataset2---Internal Testing,0,0.01
Dataset2---Internal Testing,0,0.660720491
Dataset2---Internal Testing,0,0.148405489
Dataset2---Internal Testing,0,0.083934432
Dataset2---Internal Testing,0,0.058863912
Dataset2---Internal Testing,0,0.67565353
Dataset2---Internal Testing,0,0.163788917
Dataset2---Internal Testing,0,0.591843949
Dataset2---Internal Testing,0,0.154965947
Dataset2---Internal Testing,0,0.01
Dataset2---Internal Testing,0,0.663280171
Dataset2---Internal Testing,0,0.054127387
Dataset2---Internal Testing,0,0.04933017
Dataset2---Internal Testing,0,0.035939495
Dataset2---Internal Testing,0,0.600635627
Dataset2---Internal Testing,0,0.065924763
Dataset2---Internal Testing,0,0.039460261
Dataset2---Internal Testing,0,0.592455737
Dataset2---Internal Testing,0,0.164552388
Dataset2---Internal Testing,0,0.010612865
Dataset2---Internal Testing,0,0.01
Dataset2---Internal Testing,0,0.01
Dataset2---Internal Testing,0,0.01
Dataset2---Internal Testing,0,0.01
Dataset2---Internal Testing,0,0.581938649
Dataset2---Internal Testing,0,0.01
Dataset2---Internal Testing,0,0.01
Dataset2---Internal Testing,0,0.01
Dataset2---Internal Testing,0,0.01
Dataset2---Internal Testing,0,0.111789556
Dataset2---Internal Testing,0,0.034836047
Dataset2---Internal Testing,0,0.01
Dataset2---Internal Testing,0,0.01
Dataset3---Multicenter,0,0.333975516
Dataset3---Multicenter,1,0.86161374
Dataset3---Multicenter,1,0.734304804
Dataset3---Multicenter,1,0.694021204
Dataset3---Multicenter,0,0.371871249
Dataset3---Multicenter,1,0.426903523
Dataset3---Multicenter,0,0.218862522
Dataset3---Multicenter,1,0.793854168
Dataset3---Multicenter,0,0.549007579
Dataset3---Multicenter,1,0.588648756
Dataset3---Multicenter,1,0.723136242
Dataset3---Multicenter,1,0.646603929
Dataset3---Multicenter,1,0.62481219
Dataset3---Multicenter,1,0.782429237
Dataset3---Multicenter,1,0.235449504
Dataset3---Multicenter,0,0.33560018
Dataset3---Multicenter,1,0.721093969
Dataset3---Multicenter,1,0.710783587
Dataset3---Multicenter,1,0.574270938
Dataset3---Multicenter,1,0.570460308
Dataset3---Multicenter,0,0.2091485
Dataset3---Multicenter,0,0.208529477
Dataset3---Multicenter,0,0.0001
Dataset3---Multicenter,1,0.255626538
Dataset3---Multicenter,0,0.664560178
Dataset3---Multicenter,0,0.24327604
Dataset3---Multicenter,0,0.230867573
Dataset3---Multicenter,0,0.15516622
Dataset3---Multicenter,0,0.331133214
Dataset3---Multicenter,0,0.254566443
Dataset3---Multicenter,0,0.240912921
Dataset3---Multicenter,0,0.051290323
Dataset3---Multicenter,1,0.9999
Dataset3---Multicenter,1,0.961355874
Dataset3---Multicenter,0,0.560912198
Dataset3---Multicenter,0,0.199301353
Dataset3---Multicenter,0,0.061307484
Dataset3---Multicenter,1,0.656095874
Dataset3---Multicenter,1,0.9999
Dataset3---Multicenter,1,0.514316487
Dataset3---Multicenter,0,0.01
Dataset3---Multicenter,0,0.01
Dataset3---Multicenter,0,0.01
Dataset3---Multicenter,0,0.01
Dataset3---Multicenter,0,0.01
Dataset3---Multicenter,0,0.01
Dataset3---Multicenter,0,0.01
Dataset3---Multicenter,0,0.01
Dataset3---Multicenter,0,0.01
Dataset3---Multicenter,0,0.01
Dataset3---Multicenter,0,0.01
Dataset3---Multicenter,0,0.01
Dataset3---Multicenter,0,0.01
Dataset3---Multicenter,0,0.01
Dataset3---Multicenter,0,0.01
Dataset3---Multicenter,0,0.01
Dataset3---Multicenter,0,0.01
Dataset3---Multicenter,0,0.01
Dataset3---Multicenter,0,0.01
Dataset3---Multicenter,0,0.01
Dataset3---Multicenter,0,0.01
Dataset3---Multicenter,0,0.01
Dataset3---Multicenter,0,0.01
Dataset3---Multicenter,0,0.01
Dataset3---Multicenter,0,0.01
Dataset3---Multicenter,0,0.01
Dataset3---Multicenter,0,0.01
Dataset3---Multicenter,0,0.01
Dataset3---Multicenter,0,0.01
Dataset3---Multicenter,0,0.01
Dataset3---Multicenter,0,0.01
Dataset3---Multicenter,0,0.01
Dataset3---Multicenter,0,0.01
Dataset3---Multicenter,0,0.01
Dataset3---Multicenter,0,0.01
Dataset3---Multicenter,0,0.01
Dataset3---Multicenter,0,0.01
Dataset3---Multicenter,0,0.01
Dataset3---Multicenter,0,0.01
Dataset3---Multicenter,0,0.01
Dataset3---Multicenter,0,0.01
Dataset3---Multicenter,0,0.01
Dataset3---Multicenter,0,0.01
Dataset3---Multicenter,0,0.01
Dataset3---Multicenter,0,0.01
Dataset3---Multicenter,0,0.01
Dataset3---Multicenter,0,0.01
Dataset3---Multicenter,0,0.01
Dataset3---Multicenter,0,0.01
Dataset3---Multicenter,0,0.01
Dataset3---Multicenter,0,0.01
Dataset3---Multicenter,0,0.01
Dataset3---Multicenter,0,0.01
Dataset3---Multicenter,0,0.01
Dataset3---Multicenter,0,0.01
Dataset3---Multicenter,0,0.01
Dataset3---Multicenter,0,0.01
Dataset3---Multicenter,0,0.01
Dataset3---Multicenter,0,0.01
Dataset3---Multicenter,0,0.01
Dataset3---Multicenter,0,0.01
Dataset3---Multicenter,0,0.01
Dataset3---Multicenter,0,0.01
Dataset3---Multicenter,0,0.01
Dataset3---Multicenter,0,0.01
Dataset3---Multicenter,0,0.01
Dataset3---Multicenter,0,0.01
Dataset3---Multicenter,0,0.01
Dataset3---Multicenter,0,0.01
Dataset3---Multicenter,0,0.01
Dataset3---Multicenter,1,0.72910279
Dataset3---Multicenter,1,0.297989556
Dataset3---Multicenter,1,0.553121206
Dataset3---Multicenter,1,0.738542324
Dataset4---TCGA cohort,0,0.01
Dataset4---TCGA cohort,0,0.10646254
Dataset4---TCGA cohort,0,0.028006111
Dataset4---TCGA cohort,0,0.666621646
Dataset4---TCGA cohort,0,0.01
Dataset4---TCGA cohort,0,0.01
Dataset4---TCGA cohort,0,0.044003217
Dataset4---TCGA cohort,0,0.01
Dataset4---TCGA cohort,0,0.140191429
Dataset4---TCGA cohort,0,0.01
Dataset4---TCGA cohort,0,0.01
Dataset4---TCGA cohort,0,0.01
Dataset4---TCGA cohort,0,0.01
Dataset4---TCGA cohort,0,0.650792055
Dataset4---TCGA cohort,0,0.01
Dataset4---TCGA cohort,0,0.029187924
Dataset4---TCGA cohort,0,0.323692983
Dataset4---TCGA cohort,0,0.033682095
Dataset4---TCGA cohort,0,0.01
Dataset4---TCGA cohort,0,0.01
Dataset4---TCGA cohort,0,0.01
Dataset4---TCGA cohort,0,0.033032782
Dataset4---TCGA cohort,0,0.01
Dataset4---TCGA cohort,0,0.01
Dataset4---TCGA cohort,0,0.01
Dataset4---TCGA cohort,0,0.026491506
Dataset4---TCGA cohort,0,0.01
Dataset4---TCGA cohort,0,0.01
Dataset4---TCGA cohort,0,0.043177403
Dataset4---TCGA cohort,0,0.01
Dataset4---TCGA cohort,0,0.980908716
Dataset4---TCGA cohort,0,0.710286764
Dataset4---TCGA cohort,0,0.123250765
Dataset4---TCGA cohort,0,0.15212086
Dataset4---TCGA cohort,0,0.041452878
Dataset4---TCGA cohort,0,0.094649133
Dataset4---TCGA cohort,0,0.13432483
Dataset4---TCGA cohort,0,0.114949223
Dataset4---TCGA cohort,0,0.01
Dataset4---TCGA cohort,0,0.132714055
Dataset4---TCGA cohort,0,0.01
Dataset4---TCGA cohort,0,0.01
Dataset4---TCGA cohort,0,0.194241188
Dataset4---TCGA cohort,0,0.01
Dataset4---TCGA cohort,0,0.134146568
Dataset4---TCGA cohort,0,0.291002358
Dataset4---TCGA cohort,0,0.01
Dataset4---TCGA cohort,0,0.01
Dataset4---TCGA cohort,0,0.224423624
Dataset4---TCGA cohort,0,0.05604342
Dataset4---TCGA cohort,0,0.266792122
Dataset4---TCGA cohort,0,0.679238096
Dataset4---TCGA cohort,0,0.027073177
Dataset4---TCGA cohort,0,0.244851066
Dataset4---TCGA cohort,0,0.01
Dataset4---TCGA cohort,0,0.01
Dataset4---TCGA cohort,0,0.01
Dataset4---TCGA cohort,0,0.277654076
Dataset4---TCGA cohort,0,0.23669352
Dataset4---TCGA cohort,0,0.030246006
Dataset4---TCGA cohort,0,0.01
Dataset4---TCGA cohort,0,0.01
Dataset4---TCGA cohort,0,0.01
Dataset4---TCGA cohort,0,0.01
Dataset4---TCGA cohort,0,0.01
Dataset4---TCGA cohort,0,0.01
Dataset4---TCGA cohort,0,0.01
Dataset4---TCGA cohort,0,0.01
Dataset4---TCGA cohort,0,0.01
Dataset4---TCGA cohort,0,0.158022153
Dataset4---TCGA cohort,0,0.01
Dataset4---TCGA cohort,0,0.01
Dataset4---TCGA cohort,0,0.01
Dataset4---TCGA cohort,0,0.064663948
Dataset4---TCGA cohort,0,0.01
Dataset4---TCGA cohort,0,0.01
Dataset4---TCGA cohort,0,0.01
Dataset4---TCGA cohort,0,0.01
Dataset4---TCGA cohort,0,0.01
Dataset4---TCGA cohort,0,0.01
Dataset4---TCGA cohort,0,0.01
Dataset4---TCGA cohort,0,0.01
Dataset4---TCGA cohort,0,0.067691616
Dataset4---TCGA cohort,0,0.136793004
Dataset4---TCGA cohort,0,0.278852675
Dataset4---TCGA cohort,0,0.0001
Dataset4---TCGA cohort,0,0.01
Dataset4---TCGA cohort,0,0.221540582
Dataset4---TCGA cohort,1,0.850922751
Dataset4---TCGA cohort,1,0.762973715
Dataset4---TCGA cohort,1,0.625341262
Dataset4---TCGA cohort,0,0.175317214
Dataset4---TCGA cohort,0,0.095238325
Dataset4---TCGA cohort,0,0.01
Dataset4---TCGA cohort,0,0.750836908
Dataset4---TCGA cohort,0,0.0001
Dataset4---TCGA cohort,0,0.021650567
Dataset4---TCGA cohort,0,0.01
Dataset4---TCGA cohort,0,0.01
Dataset4---TCGA cohort,0,0.01
Dataset4---TCGA cohort,0,0.056818049
Dataset4---TCGA cohort,0,0.230936156
Dataset4---TCGA cohort,1,0.720586066
Dataset4---TCGA cohort,1,0.70007716
Dataset4---TCGA cohort,1,0.28984697
Dataset4---TCGA cohort,1,0.9999
Dataset4---TCGA cohort,1,0.950089906
Dataset4---TCGA cohort,1,0.662549384
Dataset4---TCGA cohort,0,0.01
Dataset4---TCGA cohort,0,0.01
Dataset4---TCGA cohort,0,0.01
Dataset4---TCGA cohort,0,0.01
Dataset4---TCGA cohort,0,0.01
Dataset4---TCGA cohort,0,0.0001
Dataset4---TCGA cohort,0,0.01
Dataset4---TCGA cohort,0,0.01
Dataset4---TCGA cohort,0,0.01
Dataset4---TCGA cohort,0,0.01
Dataset4---TCGA cohort,0,0.029481306
Dataset4---TCGA cohort,0,0.01
Dataset4---TCGA cohort,0,0.01
Dataset4---TCGA cohort,0,0.013812931
Dataset4---TCGA cohort,0,0.01
Dataset4---TCGA cohort,0,0.01
Dataset4---TCGA cohort,0,0.01
Dataset4---TCGA cohort,0,0.01
Dataset4---TCGA cohort,0,0.010949701
Dataset4---TCGA cohort,0,0.01
Dataset4---TCGA cohort,0,0.01
Dataset4---TCGA cohort,0,0.01
Dataset4---TCGA cohort,0,0.01
Dataset4---TCGA cohort,0,0.01
Dataset4---TCGA cohort,0,0.01
Dataset4---TCGA cohort,1,0.672631629
Dataset4---TCGA cohort,1,0.619473338
Dataset4---TCGA cohort,0,0.01
Dataset4---TCGA cohort,0,0.116011988
Dataset4---TCGA cohort,0,0.088327836
Dataset4---TCGA cohort,0,0.01
Dataset4---TCGA cohort,0,0.01
Dataset4---TCGA cohort,0,0.01
Dataset4---TCGA cohort,0,0.01
Dataset4---TCGA cohort,0,0.01
Dataset4---TCGA cohort,0,0.271516179
Dataset4---TCGA cohort,0,0.01
Dataset4---TCGA cohort,0,0.01
Dataset4---TCGA cohort,0,0.01
Dataset4---TCGA cohort,0,0.107509514
Dataset4---TCGA cohort,1,0.637978699
Dataset4---TCGA cohort,1,0.539182728
Dataset4---TCGA cohort,1,0.22503396
Dataset4---TCGA cohort,0,0.06295112
Dataset4---TCGA cohort,0,0.01
Dataset4---TCGA cohort,0,0.01
Dataset4---TCGA cohort,0,0.01
Dataset4---TCGA cohort,0,0.144486543
Dataset4---TCGA cohort,0,0.336096404
Dataset4---TCGA cohort,0,0.0001
Dataset4---TCGA cohort,0,0.01
Dataset4---TCGA cohort,0,0.01
Dataset4---TCGA cohort,0,0.01
Dataset4---TCGA cohort,0,0.01
Dataset4---TCGA cohort,0,0.0001
Dataset4---TCGA cohort,0,0.01
Dataset4---TCGA cohort,0,0.01
Dataset4---TCGA cohort,0,0.01
Dataset4---TCGA cohort,0,0.01
Dataset4---TCGA cohort,0,0.01
Dataset4---TCGA cohort,0,0.01
Dataset4---TCGA cohort,0,0.01
Dataset4---TCGA cohort,0,0.01
Dataset4---TCGA cohort,0,0.01
Dataset4---TCGA cohort,0,0.065868043
Dataset4---TCGA cohort,0,0.058808741
Dataset4---TCGA cohort,0,0.036519622
Dataset4---TCGA cohort,0,0.027267994
Dataset4---TCGA cohort,0,0.014652731
Dataset4---TCGA cohort,0,0.01
Dataset4---TCGA cohort,0,0.01
Dataset4---TCGA cohort,0,0.07754823
Dataset4---TCGA cohort,0,0.01
Dataset4---TCGA cohort,0,0.01
Dataset4---TCGA cohort,0,0.01
Dataset4---TCGA cohort,0,0.01
Dataset4---TCGA cohort,0,0.01
Dataset4---TCGA cohort,0,0.01
Dataset4---TCGA cohort,0,0.01
Dataset4---TCGA cohort,0,0.01
Dataset4---TCGA cohort,0,0.01
Dataset4---TCGA cohort,0,0.01
Dataset4---TCGA cohort,0,0.01
Dataset4---TCGA cohort,0,0.01
Dataset4---TCGA cohort,0,0.01
Dataset4---TCGA cohort,0,0.01
Dataset4---TCGA cohort,0,0.01
Dataset4---TCGA cohort,0,0.01
Dataset4---TCGA cohort,0,0.01
Dataset4---TCGA cohort,0,0.01
Dataset4---TCGA cohort,0,0.158966607
Dataset4---TCGA cohort,0,0.197224423
Dataset4---TCGA cohort,0,0.01
Dataset4---TCGA cohort,0,0.022910193
Dataset4---TCGA cohort,0,0.01
Dataset4---TCGA cohort,0,0.01
Dataset4---TCGA cohort,0,0.01
Dataset4---TCGA cohort,0,0.059043768
Dataset4---TCGA cohort,0,0.01
Dataset4---TCGA cohort,0,0.01
Dataset4---TCGA cohort,0,0.01
Dataset4---TCGA cohort,0,0.01
Dataset4---TCGA cohort,0,0.01
Dataset4---TCGA cohort,0,0.01
Dataset4---TCGA cohort,0,0.01
Dataset4---TCGA cohort,0,0.01
Dataset4---TCGA cohort,0,0.01
Dataset4---TCGA cohort,0,0.01
Dataset4---TCGA cohort,0,0.01
Dataset4---TCGA cohort,0,0.01
Dataset4---TCGA cohort,0,0.01
Dataset4---TCGA cohort,0,0.01
Dataset4---TCGA cohort,0,0.01
Dataset4---TCGA cohort,0,0.01
Dataset4---TCGA cohort,0,0.077243567
Dataset4---TCGA cohort,0,0.01
Dataset4---TCGA cohort,0,0.01
Dataset4---TCGA cohort,0,0.01
Dataset4---TCGA cohort,0,0.01
Dataset4---TCGA cohort,0,0.01
Dataset4---TCGA cohort,0,0.01
Dataset4---TCGA cohort,0,0.01
Dataset4---TCGA cohort,0,0.01
Dataset4---TCGA cohort,0,0.01
Dataset4---TCGA cohort,0,0.01
Dataset4---TCGA cohort,0,0.01
Dataset4---TCGA cohort,0,0.01
Dataset4---TCGA cohort,0,0.01
Dataset4---TCGA cohort,0,0.01
Dataset4---TCGA cohort,0,0.01
Dataset4---TCGA cohort,0,0.01
Dataset4---TCGA cohort,0,0.100121916
Dataset4---TCGA cohort,0,0.01
Dataset4---TCGA cohort,0,0.122996686
Dataset4---TCGA cohort,0,0.01
Dataset4---TCGA cohort,0,0.01
