Dataset,true_labels,pred_labels
Dataset2---Internal Testing,1,1
Dataset2---Internal Testing,1,1
Dataset2---Internal Testing,1,1
Dataset2---Internal Testing,1,1
Dataset2---Internal Testing,1,1
Dataset2---Internal Testing,1,1
Dataset2---Internal Testing,1,1
Dataset2---Internal Testing,1,0
Dataset2---Internal Testing,0,0
Dataset2---Internal Testing,1,0
Dataset2---Internal Testing,0,0
Dataset2---Internal Testing,0,0
Dataset2---Internal Testing,0,0
Dataset2---Internal Testing,0,0
Dataset2---Internal Testing,0,0
Dataset2---Internal Testing,0,0
Dataset2---Internal Testing,0,0
Dataset2---Internal Testing,0,0
Dataset2---Internal Testing,0,0
Dataset2---Internal Testing,0,0
Dataset2---Internal Testing,0,1
Dataset2---Internal Testing,0,0
Dataset2---Internal Testing,0,0
Dataset2---Internal Testing,0,0
Dataset2---Internal Testing,0,1
Dataset2---Internal Testing,0,0
Dataset2---Internal Testing,0,0
Dataset2---Internal Testing,1,1
Dataset2---Internal Testing,1,1
Dataset2---Internal Testing,1,1
Dataset2---Internal Testing,1,1
Dataset2---Internal Testing,0,0
Dataset2---Internal Testing,0,0
Dataset2---Internal Testing,0,0
Dataset2---Internal Testing,0,0
Dataset2---Internal Testing,0,0
Dataset2---Internal Testing,0,0
Dataset2---Internal Testing,0,0
Dataset2---Internal Testing,0,0
Dataset2---Internal Testing,0,0
Dataset2---Internal Testing,0,0
Dataset2---Internal Testing,1,0
Dataset2---Internal Testing,0,0
Dataset2---Internal Testing,1,1
Dataset2---Internal Testing,1,1
Dataset2---Internal Testing,0,0
Dataset2---Internal Testing,1,1
Dataset2---Internal Testing,0,0
Dataset2---Internal Testing,0,0
Dataset2---Internal Testing,0,0
Dataset2---Internal Testing,1,1
Dataset2---Internal Testing,0,0
Dataset2---Internal Testing,0,0
Dataset2---Internal Testing,0,0
Dataset2---Internal Testing,0,0
Dataset2---Internal Testing,0,0
Dataset2---Internal Testing,0,0
Dataset2---Internal Testing,0,0
Dataset2---Internal Testing,1,1
Dataset2---Internal Testing,0,0
Dataset2---Internal Testing,0,0
Dataset2---Internal Testing,0,0
Dataset2---Internal Testing,0,0
Dataset2---Internal Testing,1,1
Dataset2---Internal Testing,1,1
Dataset2---Internal Testing,1,1
Dataset2---Internal Testing,1,1
Dataset2---Internal Testing,0,0
Dataset2---Internal Testing,0,0
Dataset2---Internal Testing,0,0
Dataset2---Internal Testing,0,0
Dataset2---Internal Testing,1,1
Dataset2---Internal Testing,1,1
Dataset2---Internal Testing,0,1
Dataset2---Internal Testing,0,1
Dataset2---Internal Testing,1,1
Dataset2---Internal Testing,1,1
Dataset2---Internal Testing,0,0
Dataset2---Internal Testing,1,1
Dataset2---Internal Testing,0,0
Dataset2---Internal Testing,0,0
Dataset2---Internal Testing,0,0
Dataset2---Internal Testing,0,0
Dataset2---Internal Testing,0,0
Dataset2---Internal Testing,0,0
Dataset2---Internal Testing,0,0
Dataset2---Internal Testing,0,0
Dataset2---Internal Testing,0,0
Dataset2---Internal Testing,1,1
Dataset2---Internal Testing,1,1
Dataset2---Internal Testing,0,0
Dataset2---Internal Testing,0,0
Dataset2---Internal Testing,0,0
Dataset2---Internal Testing,0,1
Dataset2---Internal Testing,0,0
Dataset2---Internal Testing,0,0
Dataset2---Internal Testing,0,0
Dataset2---Internal Testing,0,0
Dataset2---Internal Testing,0,0
Dataset2---Internal Testing,0,0
Dataset2---Internal Testing,0,0
Dataset2---Internal Testing,0,0
Dataset2---Internal Testing,1,1
Dataset2---Internal Testing,1,1
Dataset2---Internal Testing,0,0
Dataset2---Internal Testing,0,0
Dataset2---Internal Testing,0,0
Dataset2---Internal Testing,0,0
Dataset2---Internal Testing,0,0
Dataset2---Internal Testing,0,0
Dataset2---Internal Testing,0,0
Dataset2---Internal Testing,0,0
Dataset2---Internal Testing,0,0
Dataset2---Internal Testing,1,0
Dataset2---Internal Testing,0,0
Dataset2---Internal Testing,0,0
Dataset2---Internal Testing,0,0
Dataset2---Internal Testing,0,0
Dataset2---Internal Testing,1,1
Dataset2---Internal Testing,1,1
Dataset2---Internal Testing,1,1
Dataset2---Internal Testing,0,0
Dataset2---Internal Testing,0,0
Dataset2---Internal Testing,0,0
Dataset2---Internal Testing,0,0
Dataset2---Internal Testing,0,0
Dataset2---Internal Testing,0,0
Dataset2---Internal Testing,0,0
Dataset2---Internal Testing,0,0
Dataset2---Internal Testing,1,1
Dataset2---Internal Testing,1,1
Dataset2---Internal Testing,1,1
Dataset2---Internal Testing,1,1
Dataset2---Internal Testing,1,1
Dataset2---Internal Testing,1,1
Dataset2---Internal Testing,1,1
Dataset2---Internal Testing,1,1
Dataset2---Internal Testing,1,1
Dataset2---Internal Testing,1,1
Dataset2---Internal Testing,1,1
Dataset2---Internal Testing,0,0
Dataset2---Internal Testing,0,0
Dataset2---Internal Testing,0,0
Dataset2---Internal Testing,0,0
Dataset2---Internal Testing,0,0
Dataset2---Internal Testing,0,0
Dataset2---Internal Testing,0,0
Dataset2---Internal Testing,0,0
Dataset2---Internal Testing,0,0
Dataset2---Internal Testing,0,0
Dataset2---Internal Testing,0,0
Dataset2---Internal Testing,0,0
Dataset2---Internal Testing,0,0
Dataset2---Internal Testing,0,0
Dataset2---Internal Testing,0,0
Dataset2---Internal Testing,0,0
Dataset2---Internal Testing,0,1
Dataset2---Internal Testing,0,1
Dataset2---Internal Testing,0,1
Dataset2---Internal Testing,0,0
Dataset2---Internal Testing,1,1
Dataset2---Internal Testing,1,1
Dataset2---Internal Testing,1,1
Dataset2---Internal Testing,0,1
Dataset2---Internal Testing,0,0
Dataset2---Internal Testing,0,0
Dataset2---Internal Testing,0,0
Dataset2---Internal Testing,0,0
Dataset2---Internal Testing,0,0
Dataset2---Internal Testing,0,0
Dataset2---Internal Testing,0,0
Dataset2---Internal Testing,0,0
Dataset2---Internal Testing,0,0
Dataset2---Internal Testing,0,0
Dataset2---Internal Testing,0,0
Dataset2---Internal Testing,0,1
Dataset2---Internal Testing,0,1
Dataset2---Internal Testing,0,1
Dataset2---Internal Testing,0,0
Dataset2---Internal Testing,1,1
Dataset2---Internal Testing,1,1
Dataset2---Internal Testing,1,1
Dataset2---Internal Testing,0,0
Dataset2---Internal Testing,0,0
Dataset2---Internal Testing,0,0
Dataset2---Internal Testing,0,0
Dataset2---Internal Testing,0,1
Dataset2---Internal Testing,0,0
Dataset2---Internal Testing,0,0
Dataset2---Internal Testing,0,0
Dataset2---Internal Testing,0,0
Dataset2---Internal Testing,0,0
Dataset2---Internal Testing,1,1
Dataset2---Internal Testing,0,0
Dataset2---Internal Testing,0,0
Dataset2---Internal Testing,0,0
Dataset2---Internal Testing,0,0
Dataset2---Internal Testing,0,0
Dataset2---Internal Testing,0,0
Dataset2---Internal Testing,0,0
Dataset2---Internal Testing,0,0
Dataset2---Internal Testing,0,0
Dataset2---Internal Testing,0,0
Dataset2---Internal Testing,0,0
Dataset2---Internal Testing,0,0
Dataset2---Internal Testing,0,0
Dataset2---Internal Testing,0,0
Dataset2---Internal Testing,0,0
Dataset2---Internal Testing,0,0
Dataset2---Internal Testing,1,1
Dataset2---Internal Testing,0,0
Dataset2---Internal Testing,0,0
Dataset2---Internal Testing,0,0
Dataset2---Internal Testing,0,0
Dataset2---Internal Testing,0,0
Dataset2---Internal Testing,0,0
Dataset2---Internal Testing,1,1
Dataset2---Internal Testing,0,0
Dataset2---Internal Testing,0,0
Dataset2---Internal Testing,0,0
Dataset2---Internal Testing,0,0
Dataset2---Internal Testing,0,0
Dataset2---Internal Testing,0,0
Dataset2---Internal Testing,0,0
Dataset2---Internal Testing,0,0
Dataset2---Internal Testing,0,0
Dataset2---Internal Testing,0,0
Dataset2---Internal Testing,0,0
Dataset2---Internal Testing,0,0
Dataset2---Internal Testing,0,0
Dataset2---Internal Testing,0,1
Dataset2---Internal Testing,0,0
Dataset2---Internal Testing,0,0
Dataset2---Internal Testing,0,0
Dataset2---Internal Testing,0,0
Dataset2---Internal Testing,0,0
Dataset2---Internal Testing,0,1
Dataset2---Internal Testing,1,1
Dataset2---Internal Testing,1,1
Dataset2---Internal Testing,1,1
Dataset2---Internal Testing,1,1
Dataset2---Internal Testing,1,1
Dataset2---Internal Testing,1,1
Dataset2---Internal Testing,1,1
Dataset2---Internal Testing,1,0
Dataset2---Internal Testing,1,1
Dataset2---Internal Testing,1,1
Dataset2---Internal Testing,1,1
Dataset2---Internal Testing,1,1
Dataset2---Internal Testing,1,1
Dataset2---Internal Testing,1,1
Dataset2---Internal Testing,1,1
Dataset2---Internal Testing,1,1
Dataset2---Internal Testing,1,1
Dataset2---Internal Testing,1,1
Dataset2---Internal Testing,1,1
Dataset2---Internal Testing,1,1
Dataset2---Internal Testing,1,1
Dataset2---Internal Testing,1,1
Dataset2---Internal Testing,1,1
Dataset2---Internal Testing,1,1
Dataset2---Internal Testing,1,1
Dataset2---Internal Testing,1,1
Dataset2---Internal Testing,1,1
Dataset2---Internal Testing,1,1
Dataset2---Internal Testing,1,0
Dataset2---Internal Testing,1,1
Dataset2---Internal Testing,1,1
Dataset2---Internal Testing,1,1
Dataset2---Internal Testing,1,1
Dataset2---Internal Testing,1,1
Dataset2---Internal Testing,1,1
Dataset2---Internal Testing,1,1
Dataset2---Internal Testing,1,1
Dataset2---Internal Testing,1,1
Dataset2---Internal Testing,1,1
Dataset2---Internal Testing,1,1
Dataset2---Internal Testing,1,1
Dataset2---Internal Testing,1,0
Dataset2---Internal Testing,1,1
Dataset2---Internal Testing,1,1
Dataset2---Internal Testing,1,1
Dataset2---Internal Testing,1,1
Dataset2---Internal Testing,1,1
Dataset2---Internal Testing,1,1
Dataset2---Internal Testing,1,1
Dataset2---Internal Testing,0,0
Dataset2---Internal Testing,0,0
Dataset2---Internal Testing,0,0
Dataset2---Internal Testing,0,0
Dataset2---Internal Testing,0,1
Dataset2---Internal Testing,0,0
Dataset2---Internal Testing,0,0
Dataset2---Internal Testing,0,0
Dataset2---Internal Testing,1,1
Dataset2---Internal Testing,1,1
Dataset2---Internal Testing,1,1
Dataset2---Internal Testing,1,0
Dataset2---Internal Testing,0,0
Dataset2---Internal Testing,0,0
Dataset2---Internal Testing,0,0
Dataset2---Internal Testing,0,0
Dataset2---Internal Testing,0,0
Dataset2---Internal Testing,0,0
Dataset2---Internal Testing,1,1
Dataset2---Internal Testing,1,1
Dataset2---Internal Testing,1,1
Dataset2---Internal Testing,1,1
Dataset2---Internal Testing,0,1
Dataset2---Internal Testing,0,0
Dataset2---Internal Testing,0,0
Dataset2---Internal Testing,0,0
Dataset2---Internal Testing,0,0
Dataset2---Internal Testing,0,0
Dataset2---Internal Testing,0,0
Dataset2---Internal Testing,0,0
Dataset2---Internal Testing,0,0
Dataset2---Internal Testing,0,0
Dataset2---Internal Testing,0,0
Dataset2---Internal Testing,0,0
Dataset2---Internal Testing,0,0
Dataset2---Internal Testing,0,0
Dataset2---Internal Testing,0,1
Dataset2---Internal Testing,0,0
Dataset2---Internal Testing,0,0
Dataset2---Internal Testing,0,0
Dataset2---Internal Testing,0,0
Dataset2---Internal Testing,0,0
Dataset2---Internal Testing,0,0
Dataset2---Internal Testing,0,0
Dataset2---Internal Testing,0,0
Dataset2---Internal Testing,0,0
Dataset2---Internal Testing,0,0
Dataset2---Internal Testing,0,1
Dataset2---Internal Testing,0,0
Dataset2---Internal Testing,0,0
Dataset2---Internal Testing,0,0
Dataset2---Internal Testing,0,1
Dataset2---Internal Testing,0,0
Dataset2---Internal Testing,0,1
Dataset2---Internal Testing,0,0
Dataset2---Internal Testing,0,0
Dataset2---Internal Testing,0,1
Dataset2---Internal Testing,0,0
Dataset2---Internal Testing,0,0
Dataset2---Internal Testing,0,0
Dataset2---Internal Testing,0,1
Dataset2---Internal Testing,0,0
Dataset2---Internal Testing,0,0
Dataset2---Internal Testing,0,1
Dataset2---Internal Testing,0,0
Dataset2---Internal Testing,0,0
Dataset2---Internal Testing,0,0
Dataset2---Internal Testing,0,0
Dataset2---Internal Testing,0,0
Dataset2---Internal Testing,0,0
Dataset2---Internal Testing,0,1
Dataset2---Internal Testing,0,0
Dataset2---Internal Testing,0,0
Dataset2---Internal Testing,0,0
Dataset2---Internal Testing,0,0
Dataset2---Internal Testing,0,0
Dataset2---Internal Testing,0,0
Dataset2---Internal Testing,0,0
Dataset2---Internal Testing,0,0
Dataset3---Multicenter,0,0
Dataset3---Multicenter,1,1
Dataset3---Multicenter,1,1
Dataset3---Multicenter,1,1
Dataset3---Multicenter,0,0
Dataset3---Multicenter,1,0
Dataset3---Multicenter,0,0
Dataset3---Multicenter,1,1
Dataset3---Multicenter,0,1
Dataset3---Multicenter,1,1
Dataset3---Multicenter,1,1
Dataset3---Multicenter,1,1
Dataset3---Multicenter,1,1
Dataset3---Multicenter,1,1
Dataset3---Multicenter,1,0
Dataset3---Multicenter,0,0
Dataset3---Multicenter,1,1
Dataset3---Multicenter,1,1
Dataset3---Multicenter,1,1
Dataset3---Multicenter,1,1
Dataset3---Multicenter,0,0
Dataset3---Multicenter,0,0
Dataset3---Multicenter,0,0
Dataset3---Multicenter,1,0
Dataset3---Multicenter,0,1
Dataset3---Multicenter,0,0
Dataset3---Multicenter,0,0
Dataset3---Multicenter,0,0
Dataset3---Multicenter,0,0
Dataset3---Multicenter,0,0
Dataset3---Multicenter,0,0
Dataset3---Multicenter,0,0
Dataset3---Multicenter,1,1
Dataset3---Multicenter,1,1
Dataset3---Multicenter,0,1
Dataset3---Multicenter,0,0
Dataset3---Multicenter,0,0
Dataset3---Multicenter,1,1
Dataset3---Multicenter,1,1
Dataset3---Multicenter,1,1
Dataset3---Multicenter,0,0
Dataset3---Multicenter,0,0
Dataset3---Multicenter,0,0
Dataset3---Multicenter,0,0
Dataset3---Multicenter,0,0
Dataset3---Multicenter,0,0
Dataset3---Multicenter,0,0
Dataset3---Multicenter,0,0
Dataset3---Multicenter,0,0
Dataset3---Multicenter,0,0
Dataset3---Multicenter,0,0
Dataset3---Multicenter,0,0
Dataset3---Multicenter,0,0
Dataset3---Multicenter,0,0
Dataset3---Multicenter,0,0
Dataset3---Multicenter,0,0
Dataset3---Multicenter,0,0
Dataset3---Multicenter,0,0
Dataset3---Multicenter,0,0
Dataset3---Multicenter,0,0
Dataset3---Multicenter,0,0
Dataset3---Multicenter,0,0
Dataset3---Multicenter,0,0
Dataset3---Multicenter,0,0
Dataset3---Multicenter,0,0
Dataset3---Multicenter,0,0
Dataset3---Multicenter,0,0
Dataset3---Multicenter,0,0
Dataset3---Multicenter,0,0
Dataset3---Multicenter,0,0
Dataset3---Multicenter,0,0
Dataset3---Multicenter,0,0
Dataset3---Multicenter,0,0
Dataset3---Multicenter,0,0
Dataset3---Multicenter,0,0
Dataset3---Multicenter,0,0
Dataset3---Multicenter,0,0
Dataset3---Multicenter,0,0
Dataset3---Multicenter,0,0
Dataset3---Multicenter,0,0
Dataset3---Multicenter,0,0
Dataset3---Multicenter,0,0
Dataset3---Multicenter,0,0
Dataset3---Multicenter,0,0
Dataset3---Multicenter,0,0
Dataset3---Multicenter,0,0
Dataset3---Multicenter,0,0
Dataset3---Multicenter,0,0
Dataset3---Multicenter,0,0
Dataset3---Multicenter,0,0
Dataset3---Multicenter,0,0
Dataset3---Multicenter,0,0
Dataset3---Multicenter,0,0
Dataset3---Multicenter,0,0
Dataset3---Multicenter,0,0
Dataset3---Multicenter,0,0
Dataset3---Multicenter,0,0
Dataset3---Multicenter,0,0
Dataset3---Multicenter,0,0
Dataset3---Multicenter,0,0
Dataset3---Multicenter,0,0
Dataset3---Multicenter,0,0
Dataset3---Multicenter,0,0
Dataset3---Multicenter,0,0
Dataset3---Multicenter,0,0
Dataset3---Multicenter,0,0
Dataset3---Multicenter,0,0
Dataset3---Multicenter,0,0
Dataset3---Multicenter,0,0
Dataset3---Multicenter,0,0
Dataset3---Multicenter,1,1
Dataset3---Multicenter,1,0
Dataset3---Multicenter,1,1
Dataset3---Multicenter,1,1
Dataset4---TCGA cohort,0,0
Dataset4---TCGA cohort,0,0
Dataset4---TCGA cohort,0,0
Dataset4---TCGA cohort,0,1
Dataset4---TCGA cohort,0,0
Dataset4---TCGA cohort,0,0
Dataset4---TCGA cohort,0,0
Dataset4---TCGA cohort,0,0
Dataset4---TCGA cohort,0,0
Dataset4---TCGA cohort,0,0
Dataset4---TCGA cohort,0,0
Dataset4---TCGA cohort,0,0
Dataset4---TCGA cohort,0,0
Dataset4---TCGA cohort,0,1
Dataset4---TCGA cohort,0,0
Dataset4---TCGA cohort,0,0
Dataset4---TCGA cohort,0,0
Dataset4---TCGA cohort,0,0
Dataset4---TCGA cohort,0,0
Dataset4---TCGA cohort,0,0
Dataset4---TCGA cohort,0,0
Dataset4---TCGA cohort,0,0
Dataset4---TCGA cohort,0,0
Dataset4---TCGA cohort,0,0
Dataset4---TCGA cohort,0,0
Dataset4---TCGA cohort,0,0
Dataset4---TCGA cohort,0,0
Dataset4---TCGA cohort,0,0
Dataset4---TCGA cohort,0,0
Dataset4---TCGA cohort,0,0
Dataset4---TCGA cohort,0,1
Dataset4---TCGA cohort,0,1
Dataset4---TCGA cohort,0,0
Dataset4---TCGA cohort,0,0
Dataset4---TCGA cohort,0,0
Dataset4---TCGA cohort,0,0
Dataset4---TCGA cohort,0,0
Dataset4---TCGA cohort,0,0
Dataset4---TCGA cohort,0,0
Dataset4---TCGA cohort,0,0
Dataset4---TCGA cohort,0,0
Dataset4---TCGA cohort,0,0
Dataset4---TCGA cohort,0,0
Dataset4---TCGA cohort,0,0
Dataset4---TCGA cohort,0,0
Dataset4---TCGA cohort,0,0
Dataset4---TCGA cohort,0,0
Dataset4---TCGA cohort,0,0
Dataset4---TCGA cohort,0,0
Dataset4---TCGA cohort,0,0
Dataset4---TCGA cohort,0,0
Dataset4---TCGA cohort,0,1
Dataset4---TCGA cohort,0,0
Dataset4---TCGA cohort,0,0
Dataset4---TCGA cohort,0,0
Dataset4---TCGA cohort,0,0
Dataset4---TCGA cohort,0,0
Dataset4---TCGA cohort,0,0
Dataset4---TCGA cohort,0,0
Dataset4---TCGA cohort,0,0
Dataset4---TCGA cohort,0,0
Dataset4---TCGA cohort,0,0
Dataset4---TCGA cohort,0,0
Dataset4---TCGA cohort,0,0
Dataset4---TCGA cohort,0,0
Dataset4---TCGA cohort,0,0
Dataset4---TCGA cohort,0,0
Dataset4---TCGA cohort,0,0
Dataset4---TCGA cohort,0,0
Dataset4---TCGA cohort,0,0
Dataset4---TCGA cohort,0,0
Dataset4---TCGA cohort,0,0
Dataset4---TCGA cohort,0,0
Dataset4---TCGA cohort,0,0
Dataset4---TCGA cohort,0,0
Dataset4---TCGA cohort,0,0
Dataset4---TCGA cohort,0,0
Dataset4---TCGA cohort,0,0
Dataset4---TCGA cohort,0,0
Dataset4---TCGA cohort,0,0
Dataset4---TCGA cohort,0,0
Dataset4---TCGA cohort,0,0
Dataset4---TCGA cohort,0,0
Dataset4---TCGA cohort,0,0
Dataset4---TCGA cohort,0,0
Dataset4---TCGA cohort,0,0
Dataset4---TCGA cohort,0,0
Dataset4---TCGA cohort,0,0
Dataset4---TCGA cohort,1,1
Dataset4---TCGA cohort,1,1
Dataset4---TCGA cohort,1,1
Dataset4---TCGA cohort,0,0
Dataset4---TCGA cohort,0,0
Dataset4---TCGA cohort,0,0
Dataset4---TCGA cohort,0,1
Dataset4---TCGA cohort,0,0
Dataset4---TCGA cohort,0,0
Dataset4---TCGA cohort,0,0
Dataset4---TCGA cohort,0,0
Dataset4---TCGA cohort,0,0
Dataset4---TCGA cohort,0,0
Dataset4---TCGA cohort,0,0
Dataset4---TCGA cohort,1,1
Dataset4---TCGA cohort,1,1
Dataset4---TCGA cohort,1,0
Dataset4---TCGA cohort,1,1
Dataset4---TCGA cohort,1,1
Dataset4---TCGA cohort,1,1
Dataset4---TCGA cohort,0,0
Dataset4---TCGA cohort,0,0
Dataset4---TCGA cohort,0,0
Dataset4---TCGA cohort,0,0
Dataset4---TCGA cohort,0,0
Dataset4---TCGA cohort,0,0
Dataset4---TCGA cohort,0,0
Dataset4---TCGA cohort,0,0
Dataset4---TCGA cohort,0,0
Dataset4---TCGA cohort,0,0
Dataset4---TCGA cohort,0,0
Dataset4---TCGA cohort,0,0
Dataset4---TCGA cohort,0,0
Dataset4---TCGA cohort,0,0
Dataset4---TCGA cohort,0,0
Dataset4---TCGA cohort,0,0
Dataset4---TCGA cohort,0,0
Dataset4---TCGA cohort,0,0
Dataset4---TCGA cohort,0,0
Dataset4---TCGA cohort,0,0
Dataset4---TCGA cohort,0,0
Dataset4---TCGA cohort,0,0
Dataset4---TCGA cohort,0,0
Dataset4---TCGA cohort,0,0
Dataset4---TCGA cohort,0,0
Dataset4---TCGA cohort,1,1
Dataset4---TCGA cohort,1,1
Dataset4---TCGA cohort,0,0
Dataset4---TCGA cohort,0,0
Dataset4---TCGA cohort,0,0
Dataset4---TCGA cohort,0,0
Dataset4---TCGA cohort,0,0
Dataset4---TCGA cohort,0,0
Dataset4---TCGA cohort,0,0
Dataset4---TCGA cohort,0,0
Dataset4---TCGA cohort,0,0
Dataset4---TCGA cohort,0,0
Dataset4---TCGA cohort,0,0
Dataset4---TCGA cohort,0,0
Dataset4---TCGA cohort,0,0
Dataset4---TCGA cohort,1,1
Dataset4---TCGA cohort,1,1
Dataset4---TCGA cohort,1,0
Dataset4---TCGA cohort,0,0
Dataset4---TCGA cohort,0,0
Dataset4---TCGA cohort,0,0
Dataset4---TCGA cohort,0,0
Dataset4---TCGA cohort,0,0
Dataset4---TCGA cohort,0,0
Dataset4---TCGA cohort,0,0
Dataset4---TCGA cohort,0,0
Dataset4---TCGA cohort,0,0
Dataset4---TCGA cohort,0,0
Dataset4---TCGA cohort,0,0
Dataset4---TCGA cohort,0,0
Dataset4---TCGA cohort,0,0
Dataset4---TCGA cohort,0,0
Dataset4---TCGA cohort,0,0
Dataset4---TCGA cohort,0,0
Dataset4---TCGA cohort,0,0
Dataset4---TCGA cohort,0,0
Dataset4---TCGA cohort,0,0
Dataset4---TCGA cohort,0,0
Dataset4---TCGA cohort,0,0
Dataset4---TCGA cohort,0,0
Dataset4---TCGA cohort,0,0
Dataset4---TCGA cohort,0,0
Dataset4---TCGA cohort,0,0
Dataset4---TCGA cohort,0,0
Dataset4---TCGA cohort,0,0
Dataset4---TCGA cohort,0,0
Dataset4---TCGA cohort,0,0
Dataset4---TCGA cohort,0,0
Dataset4---TCGA cohort,0,0
Dataset4---TCGA cohort,0,0
Dataset4---TCGA cohort,0,0
Dataset4---TCGA cohort,0,0
Dataset4---TCGA cohort,0,0
Dataset4---TCGA cohort,0,0
Dataset4---TCGA cohort,0,0
Dataset4---TCGA cohort,0,0
Dataset4---TCGA cohort,0,0
Dataset4---TCGA cohort,0,0
Dataset4---TCGA cohort,0,0
Dataset4---TCGA cohort,0,0
Dataset4---TCGA cohort,0,0
Dataset4---TCGA cohort,0,0
Dataset4---TCGA cohort,0,0
Dataset4---TCGA cohort,0,0
Dataset4---TCGA cohort,0,0
Dataset4---TCGA cohort,0,0
Dataset4---TCGA cohort,0,0
Dataset4---TCGA cohort,0,0
Dataset4---TCGA cohort,0,0
Dataset4---TCGA cohort,0,0
Dataset4---TCGA cohort,0,0
Dataset4---TCGA cohort,0,0
Dataset4---TCGA cohort,0,0
Dataset4---TCGA cohort,0,0
Dataset4---TCGA cohort,0,0
Dataset4---TCGA cohort,0,0
Dataset4---TCGA cohort,0,0
Dataset4---TCGA cohort,0,0
Dataset4---TCGA cohort,0,0
Dataset4---TCGA cohort,0,0
Dataset4---TCGA cohort,0,0
Dataset4---TCGA cohort,0,0
Dataset4---TCGA cohort,0,0
Dataset4---TCGA cohort,0,0
Dataset4---TCGA cohort,0,0
Dataset4---TCGA cohort,0,0
Dataset4---TCGA cohort,0,0
Dataset4---TCGA cohort,0,0
Dataset4---TCGA cohort,0,0
Dataset4---TCGA cohort,0,0
Dataset4---TCGA cohort,0,0
Dataset4---TCGA cohort,0,0
Dataset4---TCGA cohort,0,0
Dataset4---TCGA cohort,0,0
Dataset4---TCGA cohort,0,0
Dataset4---TCGA cohort,0,0
Dataset4---TCGA cohort,0,0
Dataset4---TCGA cohort,0,0
Dataset4---TCGA cohort,0,0
Dataset4---TCGA cohort,0,0
Dataset4---TCGA cohort,0,0
Dataset4---TCGA cohort,0,0
Dataset4---TCGA cohort,0,0
Dataset4---TCGA cohort,0,0
Dataset4---TCGA cohort,0,0
Dataset4---TCGA cohort,0,0
Dataset4---TCGA cohort,0,0
Dataset4---TCGA cohort,0,0
Dataset4---TCGA cohort,0,0
Dataset4---TCGA cohort,0,0
Dataset4---TCGA cohort,0,0
Dataset5---Proof-of-concept,1,1
Dataset5---Proof-of-concept,1,1
Dataset5---Proof-of-concept,1,1
Dataset5---Proof-of-concept,1,1
Dataset5---Proof-of-concept,0,0
Dataset5---Proof-of-concept,1,1
Dataset5---Proof-of-concept,1,1
Dataset5---Proof-of-concept,1,1
Dataset5---Proof-of-concept,0,0
Dataset5---Proof-of-concept,0,0
Dataset5---Proof-of-concept,1,1
Dataset5---Proof-of-concept,0,0
Dataset5---Proof-of-concept,0,0
Dataset5---Proof-of-concept,0,0
Dataset5---Proof-of-concept,0,0
Dataset5---Proof-of-concept,0,0
Dataset5---Proof-of-concept,1,1
Dataset5---Proof-of-concept,1,0
Dataset5---Proof-of-concept,0,0
Dataset5---Proof-of-concept,0,1
Dataset5---Proof-of-concept,0,0
Dataset5---Proof-of-concept,0,0
Dataset5---Proof-of-concept,0,0
Dataset5---Proof-of-concept,0,0
Dataset5---Proof-of-concept,0,0
Dataset5---Proof-of-concept,0,0
Dataset5---Proof-of-concept,0,0
Dataset5---Proof-of-concept,0,0
Dataset5---Proof-of-concept,0,0
Dataset5---Proof-of-concept,0,0
Dataset5---Proof-of-concept,0,0
Dataset5---Proof-of-concept,0,0
Dataset5---Proof-of-concept,0,0
Dataset5---Proof-of-concept,0,0
Dataset5---Proof-of-concept,0,0
Dataset5---Proof-of-concept,0,0
Dataset5---Proof-of-concept,0,0
Dataset5---Proof-of-concept,0,0
Dataset5---Proof-of-concept,0,0
Dataset5---Proof-of-concept,0,0
Dataset5---Proof-of-concept,0,0
Dataset5---Proof-of-concept,0,0
Dataset5---Proof-of-concept,0,0
Dataset5---Proof-of-concept,0,0
Dataset5---Proof-of-concept,0,0
Dataset5---Proof-of-concept,0,0
Dataset5---Proof-of-concept,0,0
Dataset5---Proof-of-concept,0,0
Dataset5---Proof-of-concept,0,0
Dataset5---Proof-of-concept,0,0
Dataset5---Proof-of-concept,0,0
Dataset5---Proof-of-concept,0,0
Dataset5---Proof-of-concept,0,1
Dataset5---Proof-of-concept,0,0
Dataset5---Proof-of-concept,0,0
Dataset5---Proof-of-concept,0,0
Dataset5---Proof-of-concept,0,0
Dataset5---Proof-of-concept,0,0
Dataset5---Proof-of-concept,0,0
Dataset5---Proof-of-concept,0,0
Dataset5---Proof-of-concept,0,0
Dataset5---Proof-of-concept,0,0
Dataset5---Proof-of-concept,1,1
Dataset5---Proof-of-concept,1,1
Dataset5---Proof-of-concept,0,0
Dataset5---Proof-of-concept,0,0
Dataset5---Proof-of-concept,0,0
Dataset5---Proof-of-concept,0,0
Dataset5---Proof-of-concept,1,1
Dataset5---Proof-of-concept,1,1
Dataset5---Proof-of-concept,1,1
Dataset5---Proof-of-concept,1,1
Dataset5---Proof-of-concept,1,1
Dataset5---Proof-of-concept,1,1
Dataset5---Proof-of-concept,1,1
Dataset5---Proof-of-concept,0,0
Dataset5---Proof-of-concept,0,0
Dataset5---Proof-of-concept,0,0
Dataset5---Proof-of-concept,0,0
Dataset5---Proof-of-concept,0,0
Dataset5---Proof-of-concept,0,0
Dataset5---Proof-of-concept,0,0
Dataset5---Proof-of-concept,0,0
Dataset5---Proof-of-concept,0,0
Dataset5---Proof-of-concept,0,0
Dataset5---Proof-of-concept,0,0
Dataset5---Proof-of-concept,0,0
Dataset5---Proof-of-concept,0,0
Dataset5---Proof-of-concept,0,0
Dataset5---Proof-of-concept,0,0
Dataset5---Proof-of-concept,0,0
Dataset5---Proof-of-concept,0,0
Dataset5---Proof-of-concept,0,0
Dataset5---Proof-of-concept,0,0
Dataset5---Proof-of-concept,0,0
Dataset5---Proof-of-concept,0,0
Dataset5---Proof-of-concept,0,0
Dataset5---Proof-of-concept,0,0
Dataset5---Proof-of-concept,0,0
Dataset5---Proof-of-concept,0,0
Dataset5---Proof-of-concept,0,0
Dataset5---Proof-of-concept,0,0
Dataset5---Proof-of-concept,0,0
Dataset5---Proof-of-concept,0,0
Dataset5---Proof-of-concept,0,0
Dataset5---Proof-of-concept,0,0
Dataset5---Proof-of-concept,0,0
Dataset5---Proof-of-concept,0,0
Dataset5---Proof-of-concept,0,0
Dataset5---Proof-of-concept,0,0
Dataset5---Proof-of-concept,0,0
Dataset5---Proof-of-concept,0,0
Dataset5---Proof-of-concept,0,0
Dataset5---Proof-of-concept,0,0
Dataset5---Proof-of-concept,0,1
Dataset5---Proof-of-concept,0,0
Dataset5---Proof-of-concept,0,0
Dataset5---Proof-of-concept,0,0
Dataset5---Proof-of-concept,0,0
Dataset5---Proof-of-concept,0,0
Dataset5---Proof-of-concept,0,0
Dataset5---Proof-of-concept,0,0
Dataset5---Proof-of-concept,0,0
Dataset5---Proof-of-concept,0,0
Dataset5---Proof-of-concept,0,0
Dataset5---Proof-of-concept,0,0
Dataset5---Proof-of-concept,0,0
Dataset5---Proof-of-concept,0,0
Dataset5---Proof-of-concept,0,0
Dataset5---Proof-of-concept,0,0
Dataset5---Proof-of-concept,0,0
Dataset5---Proof-of-concept,0,0
Dataset5---Proof-of-concept,0,0
Dataset5---Proof-of-concept,0,0
Dataset5---Proof-of-concept,0,0
Dataset5---Proof-of-concept,0,0
Dataset5---Proof-of-concept,0,0
Dataset5---Proof-of-concept,0,0
Dataset5---Proof-of-concept,0,0
Dataset5---Proof-of-concept,0,0
Dataset5---Proof-of-concept,0,0
Dataset5---Proof-of-concept,0,0
Dataset5---Proof-of-concept,0,0
Dataset5---Proof-of-concept,0,0
Dataset5---Proof-of-concept,0,0
Dataset5---Proof-of-concept,0,0
Dataset5---Proof-of-concept,0,0
Dataset5---Proof-of-concept,0,0
Dataset5---Proof-of-concept,0,0
Dataset5---Proof-of-concept,0,0
Dataset5---Proof-of-concept,0,0
Dataset5---Proof-of-concept,0,0
Dataset5---Proof-of-concept,0,0
Dataset5---Proof-of-concept,0,0
Dataset5---Proof-of-concept,0,0
Dataset5---Proof-of-concept,0,0
Dataset5---Proof-of-concept,0,0
Dataset5---Proof-of-concept,0,0
Dataset5---Proof-of-concept,0,0
Dataset5---Proof-of-concept,0,0
Dataset5---Proof-of-concept,0,0
Dataset5---Proof-of-concept,0,0
Dataset5---Proof-of-concept,0,0
Dataset5---Proof-of-concept,0,0
Dataset5---Proof-of-concept,0,0
Dataset5---Proof-of-concept,0,0
Dataset5---Proof-of-concept,0,0
Dataset5---Proof-of-concept,0,0
Dataset5---Proof-of-concept,0,0
Dataset5---Proof-of-concept,0,0
Dataset5---Proof-of-concept,0,1
Dataset5---Proof-of-concept,0,0
Dataset5---Proof-of-concept,0,0
Dataset5---Proof-of-concept,0,0
Dataset5---Proof-of-concept,0,0
Dataset5---Proof-of-concept,0,0
Dataset5---Proof-of-concept,1,0
Dataset5---Proof-of-concept,1,1
Dataset5---Proof-of-concept,1,1
